V,errV,I,errI
0.300,0.010,0.00000,0.00003
0.400,0.010,0.00001,0.00003015
0.440,0.010,0.00002,0.0000303
0.460,0.010,0.00003,0.00003045
0.480,0.010,0.00004,0.0000306
0.500,0.010,0.00006,0.0000309
0.520,0.010,0.00009,0.00003135
0.540,0.010,0.00013,0.00003195
0.560,0.010,0.00019,0.00003285
0.580,0.010,0.00028,0.0000342
0.600,0.010,0.00043,0.00003645
0.620,0.010,0.00061,0.00003915
0.640,0.010,0.00090,0.0000435
0.660,0.010,0.00124,0.0000486
0.700,0.010,0.00262,0.0000693